{
  "Component-dbg.js": 1709536767950,
  "ext/controller/Submit.js": 1709565511147,
  "ext/fragment/Attachments.js": 1709543081312,
  "manifest.json": 1709576592277,
  "ext/controller/Discard.js": 1709565545934,
  "ext/controller/Comments.js": 1709569146377,
  "Component.js": 1709536767950,
  "Component-preload.js": 1709576592668,
  "ext/fragment/Attachments-dbg.js": 1709543081312,
  "ext/controller/Submit-dbg.js": 1709565511147,
  "ext/controller/Discard-dbg.js": 1709565545934,
  "ext/controller/Comments-dbg.js": 1709569146377,
  "i18n/i18n.properties": 1709536780033,
  "ext/fragment/Attachments.fragment.xml": 1709544169951,
  "css/style.css": 1709575888785,
  "index.html": 1709536767954
}