{
  "i18n/i18n.properties": 1709533474577,
  "ext/fragment/Worflow_History.js": 1709640228910,
  "manifest.json": 1709661693214,
  "ext/controller/Submit.js": 1709565133630,
  "ext/controller/Discard.js": 1709565267350,
  "Component.js": 1709533451601,
  "Component-preload.js": 1709661693330,
  "Component-dbg.js": 1709533451601,
  "ext/controller/Discard-dbg.js": 1709565267350,
  "ext/fragment/Worflow_History-dbg.js": 1709640228910,
  "ext/controller/Submit-dbg.js": 1709565133630,
  "ext/fragment/Worflow_History.fragment.xml": 1709659935421,
  "css/style.css": 1709657742243,
  "index.html": 1709533451605
}