{
  "css/style.css": 1709633911584,
  "ext/fragment/Attachments.js": 1709568337850,
  "ext/fragment/Worflow_History.js": 1709640278269,
  "manifest.json": 1709661701337,
  "ext/controller/Submit.js": 1709575627344,
  "ext/controller/Discard.js": 1709575671227,
  "Component.js": 1709554212746,
  "Component-preload.js": 1709661701474,
  "ext/fragment/Worflow_History-dbg.js": 1709640278269,
  "ext/fragment/Attachments-dbg.js": 1709568337850,
  "ext/controller/Submit-dbg.js": 1709575627344,
  "ext/controller/Discard-dbg.js": 1709575671227,
  "Component-dbg.js": 1709554212746,
  "ext/fragment/Worflow_History.fragment.xml": 1709659898881,
  "ext/fragment/Attachments.fragment.xml": 1709618878147,
  "i18n/i18n.properties": 1709554236541,
  "index.html": 1709554212746
}