{
  "index.html": 1709554212746,
  "ext/controller/Discard.js": 1709575671227,
  "ext/fragment/Attachments.js": 1709568337850,
  "ext/controller/Submit.js": 1709575627344,
  "manifest.json": 1709576601203,
  "ext/controller/Comments.js": 1709569394738,
  "Component.js": 1709554212746,
  "Component-preload.js": 1709576601518,
  "ext/fragment/Attachments-dbg.js": 1709568337850,
  "ext/controller/Submit-dbg.js": 1709575627344,
  "ext/controller/Discard-dbg.js": 1709575671227,
  "ext/controller/Comments-dbg.js": 1709569394738,
  "Component-dbg.js": 1709554212746,
  "ext/fragment/Attachments.fragment.xml": 1709568938719,
  "css/style.css": 1709575878297,
  "i18n/i18n.properties": 1709554236541
}