{
  "Component.js": 1709555709253,
  "ext/controller/Approve.js": 1709569679819,
  "ext/fragment/Status3b.js": 1709555852889,
  "ext/controller/Reject.js": 1709569706363,
  "manifest.json": 1709576605550,
  "i18n/i18n.properties": 1709555734724,
  "Component-preload.js": 1709576605824,
  "Component-dbg.js": 1709555709253,
  "ext/controller/Reject-dbg.js": 1709569706363,
  "ext/controller/Approve-dbg.js": 1709569679819,
  "ext/fragment/Status3b-dbg.js": 1709555852889,
  "ext/fragment/Status3b.fragment.xml": 1709560386425,
  "css/style.css": 1709576156646,
  "index.html": 1709555709253
}