{
  "index.html": 1709555709253,
  "manifest.json": 1709663485722,
  "ext/fragment/Worflow_History.js": 1709640178271,
  "ext/fragment/Status3b.js": 1709641079783,
  "ext/fragment/Attachments.js": 1709632957238,
  "ext/controller/Reject.js": 1709569706363,
  "ext/controller/Object.controller.js": 1709627501173,
  "ext/controller/Approve.js": 1709569679819,
  "Component.js": 1709555709253,
  "Component-preload.js": 1709663485865,
  "ext/fragment/Status3b-dbg.js": 1709641079783,
  "ext/fragment/Worflow_History-dbg.js": 1709640178271,
  "ext/fragment/Attachments-dbg.js": 1709632957238,
  "ext/controller/Reject-dbg.js": 1709569706363,
  "ext/controller/Object-dbg.controller.js": 1709627501173,
  "ext/controller/Approve-dbg.js": 1709569679819,
  "Component-dbg.js": 1709555709253,
  "ext/fragment/Worflow_History.fragment.xml": 1709659834134,
  "ext/fragment/Status3b.fragment.xml": 1709560386425,
  "ext/fragment/Attachments.fragment.xml": 1709632927858,
  "css/style.css": 1709639408605,
  "i18n/i18n.properties": 1709555734724
}