{
  "ext/fragment/Attachments.js": 1709634415177,
  "ext/controller/Approve.js": 1709569791074,
  "ext/fragment/Worflow_History.js": 1709640307224,
  "i18n/i18n.properties": 1709558565031,
  "ext/controller/Reject.js": 1709569828498,
  "manifest.json": 1709663488334,
  "Component.js": 1709558548108,
  "Component-preload.js": 1709663488480,
  "ext/controller/Approve-dbg.js": 1709569791074,
  "ext/fragment/Attachments-dbg.js": 1709634415177,
  "ext/controller/Reject-dbg.js": 1709569828498,
  "ext/fragment/Worflow_History-dbg.js": 1709640307224,
  "Component-dbg.js": 1709558548108,
  "ext/fragment/Worflow_History.fragment.xml": 1709659926361,
  "ext/fragment/Attachments.fragment.xml": 1709634405509,
  "css/style.css": 1709634700655,
  "index.html": 1709558548112
}