{
  "ext/fragment/Worflow_History.js": 1709640249138,
  "ext/controller/Submit.js": 1709565511147,
  "i18n/i18n.properties": 1709536780033,
  "ext/fragment/Confirm.js": 1709614196063,
  "ext/fragment/Attachments.js": 1709543081312,
  "manifest.json": 1709663477551,
  "ext/controller/Discard.js": 1709565545934,
  "Component.js": 1709536767950,
  "Component-preload.js": 1709663477692,
  "ext/controller/Discard-dbg.js": 1709565545934,
  "ext/fragment/Confirm-dbg.js": 1709614196063,
  "ext/fragment/Attachments-dbg.js": 1709543081312,
  "ext/controller/Submit-dbg.js": 1709565511147,
  "ext/fragment/Worflow_History-dbg.js": 1709640249138,
  "Component-dbg.js": 1709536767950,
  "ext/fragment/Worflow_History.fragment.xml": 1709662301329,
  "ext/fragment/Confirm.fragment.xml": 1709614485910,
  "ext/fragment/Attachments.fragment.xml": 1709544169951,
  "css/style.css": 1709659759099,
  "index.html": 1709536767954
}